,sido,sigungu,sales_all,sales_agriculture,sales_mine,sales_manufacture,sales_electricity,sales_disposal,sales_construction,sales_sale,sales_transportation,sales_accommodation,sales_info_com,sales_finance,sales_real_estate,sales_specialty,sales_management,sales_administration,sales_education,sales_health,sales_art,sales_association,elderly_pop_rate,elderly_pop,population,income_all,income_agriculture,income_mine,income_manufacture,income_electricity,income_disposal,income_construction,income_sale,income_transportation,income_accommodation,income_info_com,income_finance,income_real_estate,income_specialty,income_management,income_administration,income_education,income_health,income_art,income_association,group_sales,group_income
1,강원도,,113947608,1001470,990218,16983255,6650786,1078693,9746056,23474545,3512163,5970438,1622046,14476922,3079502,2238659,1956087,9087359,3863469,4600535,1998453,1616952,20.7,319691,1542840,32.30863723,36.7177795,61.78254816,36.99190271,36.5922778,51.83239635,26.18711482,17.85630681,20.03891525,10.94977964,56.81173132,129.4571202,23.79214545,38.50230725,31.44059083,72.02502839,42.21287748,30.11173838,20.20603487,13.52730777,NA,NA
2,강원도,강릉시,15206764,115584,39247,1849948,731446,111237,1387989,3517266,669885,1049130,232973,2056276,286661,352974,231355,879966,492349,803773,160460,238245,21.3,45484,213321,29.53410233,43.85233645,58.54210526,32.682339,53.68398268,44.41015089,31.31827881,17.88741204,19.07134171,11.25402927,67.47812166,69.39246356,22.93775934,39.38608638,26.13632562,77.42652049,34.9624069,39.14963942,26.90316106,13.01275046,1,1
3,강원도,고성군,1696792,54381,20046,182054,47823,30994,168267,335606,20694,203702,2603,99437,19773,15976,27309,253632,76082,59833,58697,19883,29.7,7945,26757,25.97997991,64.03012048,50.45714286,21.52195122,10.5261324,46.9726776,21.78345627,16.10611929,9.959558824,14.77684347,35.41025641,88.99514563,17.12365591,23.96956522,33.71175166,70.00081766,50.01195652,12.16860716,36.91105769,14.06140351,2,2
4,강원도,동해시,8116313,790,69768,1532015,1309951,38236,524675,2046601,420360,236446,50511,648705,127955,35911,110596,469149,138953,222216,30025,103450,20.2,18293,90593,32.10447844,10.23809524,78.88888889,44.18080045,123.1378601,52.29378531,24.66912289,16.59350194,36.00405542,7.796492017,62.03589744,56.30421377,24.40063593,31.01244813,35.94082044,83.72363323,39.47109952,28.94208595,17.41197822,14.03561004,3,1
5,강원도,삼척시,5653720,38748,383670,617135,1397344,51714,713545,688856,69361,232606,20885,365446,18513,84427,85039,443494,167686,169353,65242,40656,25.4,16572,65243,34.28962979,38.5021097,75.18890201,42.42251462,73.66952264,45.36619718,29.09664227,13.76721601,17.82674419,9.198256081,57.65714286,105.7088235,18.11940299,33.59544469,30.2977918,73.05812292,40.08486407,32.20893263,26.7700831,9.589576547,4,1
6,강원도,속초시,5091962,35026,NA,310787,47171,47989,304384,1478358,88171,588540,72116,780841,241991,57591,60433,319314,301044,206092,67783,84331,19.2,15874,82665,26.49734074,54.93023256,NA,20.9025916,25.61627907,67.42490842,25.48218263,15.03963211,22.48962149,14.63284327,57.75,70.0144648,21.71090047,33.74617737,20.24660194,80.70767556,38.27012221,30.94390473,23.14162162,13.47267442,4,2
7,강원도,양구군,1038469,29303,5908,84392,47047,13789,164127,166836,17847,48849,9409,53753,4740,11516,5235,251595,47325,44523,15747,16528,21.1,4702,22278,26.71936148,26.22340426,26.07407407,22.91304348,2.56405694,35.6875,27.9670947,12.64197531,19.80487805,4.629885057,62.734375,87.30136986,12.25581395,36.06493506,17.47435897,59.86735395,39.46730083,24.63804348,15.37383178,10.89402174,2,2
8,강원도,양양군,1967153,7376,32084,160049,144768,32666,167535,443810,42460,204832,8782,127162,28006,52130,22444,252281,60686,59323,93430,27329,29.8,8314,27946,27.71802865,22.42016807,42.07826087,23.55202822,68.78787879,44.73853211,24.21699438,18.16,30.71407837,10.82914137,45.21428571,94.26388889,22.26070039,93.52226721,48.64111498,70.18986175,39.22662266,15.80441478,54.06009615,10.84933775,2,3
9,강원도,영월군,3012200,16923,106272,596487,284969,26946,404868,415844,58353,112478,24643,192085,30392,41761,50976,422931,80033,87923,37581,20735,29.7,11498,38662,28.77091288,41.56129032,54.7133758,51.59451659,44.38333333,46.5033557,16.33404009,14.97889306,32.07224335,5.832205683,56.61875,85.68045113,16.43902439,35.80679406,24.01322314,42.48521505,47.97709251,34.57773252,21.85901639,8.267105263,2,2
10,강원도,원주시,30409974,114844,68637,5764135,850265,217701,2290907,6565945,984511,953907,493725,5384249,1021538,704830,765189,1460404,867729,1245414,250665,405379,15.1,53390,354376,41.21249233,37.63947368,51.01176471,42.80443305,30.14912281,56.78911565,29.13883537,22.22563805,18.5967508,10.60243181,73.90148064,196.0485378,25.28428928,39.47901778,33.82018682,77.57211221,42.85350216,29.30882762,16.25199231,13.87848633,1,1
11,강원도,인제군,1633713,8550,4237,167698,46711,32446,205773,305414,8969,87734,7755,167149,3063,31382,34877,318078,61490,70940,43916,27531,20.6,6530,31694,24.2010449,20.54794521,36.75,24.00768386,4.167587477,34.22362869,23.11609388,12.98101619,7.905660377,5.37589852,53.63888889,84.37777778,8.1875,29.65582656,29.73451327,70.32352941,39.51049618,16.97486174,29.01107011,12.74757282,2,2
12,강원도,정선군,2673482,28202,144316,215767,59024,18467,178188,271980,56501,110520,15427,192801,6804,27422,100806,552362,84487,73088,499399,37921,28,10317,36870,23.47768904,21.83139535,54.05012531,29.48029331,15.30726257,38.51351351,24.58639374,9.637829124,25.8573913,7.405913043,53.22307692,76.20192308,19.12837838,36.1650165,34.68758653,58.8331758,46.31477927,24.54743976,11.6952992,15.04166667,2,2
13,강원도,철원군,2342775,106979,NA,418358,95715,22330,391690,456490,14474,92583,26710,169396,10172,26970,15196,270569,74435,89119,29527,31912,22.8,10171,44699,27.26754179,37.12637363,NA,31.78307888,11.09375,53.80794702,19.63538663,13.71036889,11.21525886,4.801720019,51.62941176,86.55218855,13.64666667,34.57594937,14.77184466,103.9309665,43.19618056,30.53358209,14.70621469,10.4196319,2,2
14,강원도,춘천시,19568813,76062,30516,1871792,1034573,185487,1438305,3797494,636743,881581,575948,3082632,1139271,529112,236721,1392402,953919,1001754,339071,365430,17.9,50567,282765,32.21520245,34.72676056,49.85,32.29049296,42.30769231,67.57735849,27.2146499,18.01222852,12.39283582,11.58704805,47.20326727,73.26655251,28.64,37.47959184,26.51986935,81.83013845,46.67465036,35.26647782,27.41658922,16.98474366,1,1
15,강원도,태백시,2403616,4791,44159,201574,165429,62096,242069,508537,88847,117277,10504,291079,29658,45158,36181,252039,97210,108723,46956,51329,25.2,10760,42719,27.10630278,20.27102804,51.37982565,30.35233161,42.62573099,54.42471042,23.3622291,12.58796649,33.94157741,8.326203209,46.63793103,75.68711656,25.56626506,39.67659574,37.71221532,54.99789474,43.99630996,14.77624633,26.77687296,9.985209532,2,2
16,강원도,평창군,2992919,101246,7392,262369,107680,42884,238105,779896,72756,376948,11767,264780,31813,88351,33122,296580,83697,82791,73292,37450,28.4,11831,41681,28.34693591,35.01046338,39.6097561,28.91053512,15.79003559,44.38823529,20.30426204,19.73007316,10.07664884,13.63853565,59.60683761,117.1317495,13.80586081,45.16755793,18.20127389,74.28089025,44.69799692,29.35091083,27.28695652,16.28236745,4,2
17,강원도,홍천군,5030969,157053,22035,1041705,105807,61373,484752,840472,166586,434042,19785,391011,28750,86441,96386,664209,131787,139888,115636,43251,26.2,18133,69242,30.06709421,49.71686747,48.45,38.20533881,7.141856392,56.04899135,21.80553617,16.85163364,12.79653285,16.07339822,51.13095238,83.69321534,13.96747967,38.41238472,52.8972332,77.21267191,41.16893477,31.098809,18.65462339,9.728026534,4,1
18,강원도,화천군,1138872,29160,NA,59154,73195,24621,201498,164307,44007,52030,21947,60408,12709,12615,4843,256290,47268,42382,13850,18588,22.6,5609,24857,31.47662957,34.52147239,NA,21.20502092,14.99695122,33.49032258,31.12612036,13,63.95652174,4.763580719,57.46226415,106.0895522,11.70833333,41.04615385,24.10810811,55.83392226,47.33286119,31.36552749,18.47,14.60287081,2,2
19,강원도,횡성군,3969102,76452,NA,1647836,101868,57717,239379,690833,51638,187233,16556,149712,37693,34092,39379,332064,97289,93400,57176,47004,29.5,13701,46472,32.27832884,34.11518325,NA,40.31181619,12.88644689,43.76229508,28.80937167,17.64373199,13.65862069,12.38301684,50.80451128,101.9742489,14.62207358,30.77862595,48.75884956,73.99932976,44.2706334,27.98170347,20.06374502,11.42407661,2,1
20,충청북도,,208157612,1325471,362326,113488383,3292598,1609183,10786795,26578502,5603697,4599686,1508893,11778091,3161033,2900529,3172701,6533329,4088086,4595679,1162803,1609827,18,288148,1600837,38.58993735,39.7138832,52.35125759,55.68080286,18.57974684,51.13856888,31.24746605,19.77436379,21.02736509,11.06043568,53.19175077,78.13324131,22.75384119,42.96225745,44.09815427,74.18880953,44.83638639,32.4837809,21.30059674,14.94179728,NA,NA
21,충청북도,괴산군,3227385,86315,5087,1188315,26868,68558,190728,529789,78729,64732,13551,284853,31531,73465,43761,318000,107755,91709,6557,17082,33.4,13157,39393,34.16455696,37.1284153,36.88888889,40.34668192,4.435582822,46.74901961,34.10863698,18.09345794,19.17909091,6.093626622,49.90055249,117.4556575,10.93162393,37.80769231,47.32484076,67.03833658,48.60714286,30.93762994,19.664,9.651815182,2,1
22,충청북도,단양군,2756558,30970,68193,1210653,80308,47108,203829,216174,176204,99118,6179,154402,3792,15301,58138,186307,48636,81415,36551,33280,31,9026,29155,34.31112958,31.57894737,48.09163347,60.57746479,15.65587045,52.25698324,21.3700126,10.17989418,23.69133192,7.917727718,47.56410256,290.9382716,24.12037037,43.47398844,40.77306469,61.37307692,46.5368272,34.87962085,20.28880157,9.476580796,2,2
23,충청북도,보은군,2803081,76766,12128,1075567,102386,19579,160867,252138,135077,70659,8558,131923,11698,15234,20757,414140,63808,105889,104916,20991,34.6,11217,32412,34.46057007,37.93710692,61.5625,47.8002877,8.175,51.72727273,21.15332287,10.7124834,10.2537112,6.681390297,48.81443299,84.57239057,13.12371134,39.52406417,28.66403162,83.64773663,46.4371808,23.68152574,109.3872054,10.33508772,2,2
24,충청북도,영동군,2497320,40210,11711,684981,83404,32621,227457,367940,130390,106890,18956,127758,27670,29751,12545,274229,110545,134489,34446,41327,31.8,15082,47475,31.83776347,35.31693989,52.56,40.86198198,8.129496403,51.1277533,25.89929742,9.652681661,22.48684211,6.070876289,48.3381295,74.72277228,9.941176471,41.11744966,33.32098765,81.99850299,47.89207547,29.90044357,40.16304348,15.27662179,2,2
25,충청북도,옥천군,4181975,88163,2470,1690504,124215,37417,328000,568853,199565,122997,23187,276213,68294,39795,21092,287060,102552,139776,21720,40102,29.8,15080,50527,32.70674413,55.81773399,63.42857143,40.00078394,6.545811518,50.06880734,27.77551867,16.55698113,21.70887097,8.808004327,49.90643275,108.6293103,23.60189573,33.89772727,18.70473538,78.86185243,45.15827338,29.18353134,20.89180328,11.9955157,4,2
26,충청북도,음성군,26989252,275108,NA,19175295,156172,194731,863035,2425832,619073,384156,105834,596150,276227,343858,362385,520448,211803,241472,91822,145851,21.4,19978,93153,44.10415529,46.40821918,NA,50.83712283,11.80754717,46.88467875,43.22796353,22.89635897,19.13565758,11.07227592,58.98324022,99.33093525,23.54701719,59.1713658,68.77941733,69.01006289,45.2331093,31.89513213,18.16820513,27.08416834,1,1
27,충청북도,제천시,9747343,33288,60371,2932117,159344,108380,743718,2014923,783488,324548,77532,799712,69603,85134,127163,544275,305257,379590,61638,137262,22,29256,133018,28.86792679,41.31441048,45.07042254,39.12998575,12.12421053,53.07462687,26.80253781,15.02514483,31.97852077,7.800550429,61.71328671,66.79177162,20.1601467,32.00199203,25.77956481,82.30971922,39.96444154,27.23813489,13.96471774,12.73920157,1,2
28,충청북도,증평군,3487127,14713,NA,1675188,126256,10357,190778,562191,102013,108347,8441,125084,25580,10728,224527,127749,62091,64812,22535,25737,17.4,6416,36807,39.00592593,35.82022472,NA,51.78053177,21.8254717,42.06363636,40.02050781,18.05979284,13.01216545,11.66432225,53.82692308,71.9391635,15.87461774,19.80314961,111.1677788,56.92332968,42.81034483,25.08376068,21.55235602,9.988448845,2,1
29,충청북도,진천군,22814236,168321,43685,17689360,122366,187782,496481,1399742,423041,313444,81574,253438,133314,171374,236716,314616,420689,185484,121136,51673,16.4,13762,83718,45.84461571,40.92328767,65.0173913,56.66705752,16.73076923,54.1046729,25.02422611,20.02299123,18.34887813,16.69221968,25.61708395,110.245614,24.58162031,47.91530692,59.16422841,77.29951691,59.8981922,29.07856892,19.31142857,10.57246377,1,1
30,충청북도,청주시,106793596,251082,73508,54993992,1963702,628869,6131148,14862097,2418753,2385707,923892,7366038,2339952,1903058,1783076,2906099,1935109,2569739,450981,906794,13.4,113322,844993,40.47011395,32.04726736,49.81313131,64.01007283,38.89826041,53.80671545,34.05256397,22.07783116,20.23216397,12.4156366,53.6976519,71.46540089,23.57851406,42.01673615,42.18850917,74.82412904,41.30913802,35.53379104,21.86607738,15.79772021,5,1
31,충청북도,청주시 상당구,10125173,91283,18790,560366,7406,61941,1194018,2230047,169203,438505,333999,2335589,275989,216455,123965,885064,378210,525898,122848,155597,NA,NA,NA,28.45125826,35.62962963,42.4,25.98116381,1.146666667,65.10469314,21.58854415,15.39833614,13.92449286,10.53652174,65.13897597,53.14962789,20.12340897,39.84977487,25.88530991,75.70497238,39.63636364,33.43634457,26.05042527,12.94089457,NA,NA
32,충청북도,청주시 서원구,15545281,27854,13772,2190841,1279022,116481,1228131,3550239,816164,454894,304879,2118277,605933,268707,358262,596363,550733,757728,105983,201018,NA,NA,NA,36.83881286,25.37647059,40.05882353,43.59127648,64.46590909,47.29667519,41.72013963,20.58318238,21.11333627,11.17121662,67.21689498,93.73849658,24.63077511,36.1641541,32.30389676,104.3375282,46.57414966,39.23391813,21.3649635,16.03993056,NA,NA
33,충청북도,청주시 청원구,21807087,92043,1062,10563958,199133,186948,1584316,4024589,446602,612649,101224,969071,352752,719728,375759,333365,445090,514800,115762,168236,NA,NA,NA,36.19719932,35.89150943,31.3,48.71257715,16.55482456,46.87480916,41.59260068,23.89005543,18.04409582,12.96310288,39.55955956,63.79307568,22.75690608,43.50840247,34.30776073,77.23483456,42.17175254,31.91444736,24.05905773,13.81739409,NA,NA
34,충청북도,청주시 흥덕구,59316055,39902,39884,41678827,478141,263499,2124683,5057222,986784,879659,183790,1943101,1105278,698168,925090,1091307,561076,771313,106388,381943,NA,NA,NA,49.62245993,28.66981132,60.04255319,75.42912621,46.94050343,57.763,35.03573673,25.87308831,24.19174092,13.95853747,47.02463433,74.15328732,25.02455546,44.46947991,50.92254148,60.18205613,37.19041326,35.83605566,15.41276307,18.78860256,NA,NA
35,충청북도,충주시,22859739,260535,85173,11172411,347577,273781,1250754,3378823,537364,619088,241189,1662520,173372,212831,282541,640406,719841,601304,210501,189728,19.9,41852,210186,32.34152743,39.42222222,58.89230769,45.92751279,12.06053812,47.49638989,24.72286054,17.26628732,17.52907739,9.847712007,75.42556391,68.35388863,21.48789474,36.64182692,25.52604167,72.39161677,52.21307655,30.5478059,14.10859427,12.47375469,1,2
36,충청남도,,339018273,2521332,263891,206481906,12613154,1696791,13633467,37627158,8341818,6117240,1777421,13200369,3742442,3324122,3355695,8657918,6232503,6144405,1110016,2176625,19.1,405188,2121029,40.89817714,40.53955809,53.15127021,61.07140334,35.19944038,52.29365616,32.85606892,19.60479653,31.60807832,10.97317896,54.86344482,78.0231502,25.16124624,42.44091612,32.76996046,79.16332934,51.79621495,30.66766163,19.45187036,14.56561393,NA,NA
37,충청남도,계룡시,1902935,1505,NA,410087,61113,15967,155297,502338,132760,73555,23623,162555,54597,21504,14040,95379,67402,69997,15182,26034,12,5141,42822,30.3245751,35.33333333,NA,32.92645654,54.16666667,53.16504854,43.86088154,19.39488117,21.90429958,8.11662531,52.34572491,110.3410405,52.70052083,30.26219512,23.78235294,58.77601156,35.997557,28.91231029,15.61442006,10.9689441,2,1
38,충청남도,공주시,10768522,109856,17932,3734473,133647,86255,826398,1869414,898676,322140,87314,597948,235655,169578,100334,613899,389151,388252,71441,116159,26.5,27675,104545,34.58134633,56.64231738,62,47.71343854,5.148148148,43.65449438,29.39026403,19.89239691,24.45606362,11.57040663,56.35863874,93.64977974,29.44224037,35.05753685,13.89125102,75.32761905,51.59552573,37.3344966,26.63617464,15.5619256,1,2
39,충청남도,금산군,6254611,65180,27394,3346949,139228,124055,367645,990455,120339,108165,43197,131818,32674,62447,47130,281580,140816,151246,29483,44810,31.3,16075,51413,36.03051628,33.73021583,54.92045455,48.20283771,6.672248804,49.61157025,32.17043998,13.85697202,21.24242424,7.835897436,55.56804734,86.11976048,15.20610687,30.78372591,62.71091445,80.85542169,44.23494939,28.64556452,26.01916933,13.72802482,4,1
40,충청남도,논산시,10524645,220679,111,4134769,208792,111573,564327,2097266,343630,243137,71780,726405,63547,107078,92922,703277,273128,418134,39064,105026,26.7,31095,116675,30.89286178,47.55574324,10.2,40.48671968,4.291390728,42.7155477,24.65775169,15.08637829,17.4930192,6.930950805,60.20295203,77.02401922,16.91396104,39.20679887,35.7008547,80.12420382,45.32285062,32.12426506,13.52870494,12.74076953,1,2
41,충청남도,당진시,38117424,218200,21910,24590542,3295492,211809,1401148,2833319,1101630,574650,102138,1153373,321533,269115,408411,550993,398379,419924,76506,168352,18.8,31331,166249,43.64264436,38.50073855,53.76923077,63.17740772,85.38370952,51.67512195,31.4500364,20.14174384,24.92665509,12.19879518,49.3483871,80.80496713,19.91251682,46.78103044,37.51621835,75.07854985,55.94853503,29.55844568,13.28515008,15.15587798,1,1
42,충청남도,보령시,10044132,286580,33124,1778215,2511555,84831,670593,1549166,312643,325381,65930,896119,36402,318325,69603,544233,194855,247636,48358,70583,26.2,26211,100229,32.21744123,40.54061252,58.34042553,36.83073607,63.10519645,57.25454545,37.37735431,13.00436681,19.49064671,8.912477718,64.35338346,81.73110893,16.57191781,64.04180418,23.94179523,67.75105932,46.60094824,21.4497335,20.97413793,10.63451512,1,3
43,충청남도,부여군,4579862,236146,23251,1413693,121052,44565,325386,953025,157401,126258,18691,243604,12877,55770,33055,395160,125610,201491,49639,43188,34.7,22683,65354,29.59092355,37.45909091,59.43209877,42.15858586,4.174397032,49.34901961,18.10484623,16.12449098,11.84829721,9.20676866,51.84722222,67.53543307,15.67222222,34.71851852,29.36842105,86.02396804,47.02701182,32.77879009,32.22565321,12.50163577,4,2
44,충청남도,서산시,49810769,162878,31078,39886960,1122798,156847,1142788,2739617,652540,500130,125789,1094105,130599,136696,217864,729982,329481,395060,77637,177920,18.5,32436,175591,43.47441472,38.34965035,73.92553191,76.56549686,31.29893238,56.17435897,37.94026885,19.31777965,29.96238757,10.10130499,59.87981859,72.78791693,22.64559068,41.79878049,39.45310776,81.98520085,41.48557797,28.71996628,17.83451777,14.14754611,1,1
45,충청남도,서천군,5387433,116554,NA,2127876,699033,42280,277644,668232,86443,111853,27418,237662,62590,138873,43510,423570,89973,171638,16225,46059,36.6,18988,51866,30.20999417,31.94840295,NA,35.72986458,107.2086397,50.63461538,16.49618967,11.38117066,22.35483871,5.952020202,49.78494624,75.49190283,22.19617225,49.66759517,27.40740741,89.14925373,44.78610039,15.17041569,14.60771704,11.10520607,4,2
46,충청남도,아산시,94486951,128342,50040,75600073,921241,247618,2192630,5757244,2410568,992144,177065,1744530,540462,336699,631161,772421,906588,704081,108817,265227,13.4,42355,316129,55.44429613,37.93497758,56.05172414,72.93480026,33.48552124,55.19773429,47.30951046,22.25855657,81.90238957,12.30865074,43.92155009,77.13621103,23.17666778,35.5031348,46.32914121,80.55269094,48.57471264,29.62980017,14.95356371,16.7565032,1,1
47,충청남도,예산군,9438934,192501,19196,5022947,173201,105527,465278,1197752,134047,188376,64378,532732,95785,50316,48061,668791,138150,194643,47565,99688,31.5,24627,78084,31.27635798,51.7030303,27.89285714,46.71521493,8.526938239,65.83611111,23.39919137,15.46373421,19.78501873,8.324423963,70.03508772,79.52777778,23.36363636,36.75702479,2.652601393,75.71316964,49.174946,27.76691967,24.96194825,14.98455837,1,2
48,충청남도,천안시,80146888,233025,12026,41161963,288293,367330,4127251,13406547,1687905,2025417,728247,4204000,1816831,1401601,1534433,1185971,2504235,2232283,403853,825677,11,72151,658808,40.89737017,42.56692913,40.89655172,58.44413104,23.14634146,54.94540784,34.05393395,23.73847049,23.96182449,13.87433708,52.70883465,77.37039075,27.57349398,43.64704209,37.09727221,83.48747522,55.41706911,36.48491922,19.91121929,15.92152918,5,1
49,충청남도,천안시 동남구,25955400,161967,11938,8969441,63622,204294,2078316,4997049,903649,821755,417300,2017608,581752,495985,480898,364822,1663795,1218976,149168,353065,NA,NA,NA,38.13709296,51.09122807,41.21052632,48.50945608,12.04067797,53.70971429,25.90893457,21.03750446,22.45394737,13.78946397,63.77614679,95.62018048,28.83555236,39.73710483,33.95576526,79.98243853,73.49070811,42.89779736,19.82510081,16.08903302,NA,NA
50,충청남도,천안시 서북구,54191488,71058,NA,32192522,224671,163036,2048935,8409498,784256,1203662,310947,2186392,1235079,905616,1053535,821149,840440,1013307,254685,472612,NA,NA,NA,42.7581936,31.67264574,NA,62.32442043,34.88888889,56.53079179,46.19126383,25.73445955,25.87948512,13.93275337,46.07696537,62.60338533,26.886604,46.24112916,38.81672181,85.45191226,36.85728387,30.9643522,19.98454936,15.79692982,NA,NA
51,충청남도,청양군,2924886,84401,NA,1386803,192767,10791,155318,284238,88076,61347,17771,138962,10002,15708,11172,268687,62119,92238,19246,25240,35.7,11059,30948,29.3196052,40.27402135,NA,37.61552545,21.49307479,32.64473684,23.21746674,9.801320528,7.951732673,6.16894198,50.15873016,97.36123348,15.44705882,42.4375,36.97826087,70.14663462,52.89219331,26.70153846,20.99315068,8.135574837,2,4
52,충청남도,태안군,6073892,121540,3269,278104,2609532,33363,434599,884282,56721,252449,20589,329966,70137,105382,50093,448968,130593,125013,72711,46581,31.1,19356,62214,26.90288462,24.87198068,12.03389831,20.51311127,11.0255262,37.97454545,36.77585675,13.33601169,16.83125,7.198291278,56.54966887,73.62426614,24.46197183,36.49300412,38.94224236,76.05550953,47.92415551,22.75442478,26.28933333,11.15065723,4,2
53,충청남도,홍성군,8556389,343945,24560,1608452,135410,53980,527165,1894263,158439,212238,203491,1006590,258751,135030,53906,975007,482023,332769,34289,116081,24,24005,100102,36.92478393,41.1490313,63.65384615,35.25224158,7.966772152,54.03896104,28.62827912,16.82614401,13.77602524,7.61424017,82.62582057,69.22420193,25.68518519,38.56228374,26.35409458,85.3796676,74.45895097,30.91178393,16.22222222,14.61182033,1,2
54,전라북도,,157187934,2633592,255751,46643528,5453698,1352743,12464146,29558430,4405760,4309308,1447730,16131216,3072340,3321181,1759758,8928295,6554474,5986299,999566,1910119,21.4,386203,1804104,33.43276695,45.11226645,44.03559127,45.67655521,10.61131939,47.89876144,30.17775577,17.52025553,18.67004767,9.597772224,48.22297547,65.42778913,18.70789373,41.03141742,29.57056971,80.05727697,60.12051398,29.85279517,20.59356239,14.10852161,NA,NA
55,전라북도,고창군,3533200,274621,22624,688167,149689,48863,296807,720300,64377,129717,22984,272337,23304,36362,17467,387397,103093,170006,63858,41227,34.4,18782,54529,27.6307638,35.04887715,27.53921569,32.36418605,7.648809524,45.86381323,24.29066562,14.72466601,7.6772554,9.390704801,54.1372549,72.33022388,27.00645161,31.06435644,12.41577061,65.85301978,46.86351351,25.31201666,24.30515192,10.10986159,4,2
56,전라북도,군산시,28628837,202489,37883,12832660,1964367,312287,1568097,4173674,971343,670260,103175,1984032,469792,287323,310801,918471,744778,738622,85552,253231,18.9,50700,267859,34.11709158,67.66666667,74.36781609,52.99032461,31.92040256,55.80346821,31.09640588,16.0317502,21.98755245,9.401168268,46.95230525,80.41540404,19.38081862,35.64947438,31.59019024,77.482933,47.94903879,26.80491042,11.45345912,12.86996182,1,1
57,전라북도,김제시,9256803,730942,1060,3683855,230488,72656,466612,1872133,305376,133646,47355,390484,38775,86223,59952,532920,163431,276532,87063,77300,31.9,26322,82450,31.96000825,80.65726228,11.875,40.35584532,2.479298882,35.84571429,26.388251,21.01065152,13.72550177,7.646964856,60.0625,93.58887172,13.75304878,36.99502488,27.39633448,75.80343764,46.54958497,27.02542373,51.41638796,13.04492188,1,2
58,전라북도,남원시,4871107,142794,59759,739393,178339,39711,467087,1016110,147737,168041,28512,527423,48682,67006,30302,675214,148520,246671,64402,75404,28.1,22694,80662,28.79748679,37.09259259,41.18777293,30.44809837,3.664484452,60.75496689,25.09696093,14.52470687,14.67245658,7.226759628,53.07575758,86.08548009,17.93059126,33.3491656,25.55940594,87.31295844,42.32521046,31.69466961,29.84100418,13.33883704,4,2
59,전라북도,무주군,1663365,27859,NA,178270,129878,7067,156549,213067,136045,91020,8032,76374,28290,8855,94668,312909,45839,60968,42906,44769,33.6,8075,24036,28.65852158,29.56716418,NA,21.99204244,34.26041667,45.15686275,25.10475578,11.95480226,7.331471136,13.67532468,49.41891892,119.1798561,23.90666667,20.01226994,16.52419355,89.93572084,43.28151261,23.56017316,19.9580574,18.97335702,2,2
60,전라북도,부안군,3531868,135917,8227,834733,146730,51227,197950,726066,94183,149394,9090,333452,10743,94693,14920,432152,96332,142063,18737,35259,33.3,17371,52140,27.33766881,40.30088496,34.95238095,31.29600887,4.989690722,37.27932961,25.31531532,11.05044776,11.39439907,5.680456491,44.875,75.79856115,10.13023256,118.4038462,16.4028777,65.4202001,46.71868289,26.64384117,17.47452229,10.38842975,2,3
61,전라북도,순창군,1803573,83119,NA,507564,78001,21991,152456,204821,29526,60830,8918,170438,13814,18594,5246,260181,56729,89512,13916,13917,34,9455,27810,33.54038406,40.06796117,NA,34.50826446,7.743093923,48.30833333,29.92301325,11.496337,26.86713287,7.41025641,50.15957447,95.13362069,29.4625,27.22077922,25.65671642,81.52767857,47.46641791,28.50235057,24.25405405,8.811538462,2,2
62,전라북도,완주군,14941619,160120,14329,8925343,30441,73260,928961,1535897,424339,273123,46444,262282,92592,783704,107502,656056,305436,190459,30884,100447,23.4,21410,91609,43.75217127,35.38314176,45.28,63.23021516,4.051207729,38.26341463,38.07526882,18.893276,16.04891142,11.30180841,49.23762376,90.22307692,17.94059406,60.57086155,41.94170854,62.14871988,41.69492349,26.91741132,17.75471698,15.62052342,1,1
63,전라북도,익산시,26467868,274635,68704,9392781,562087,239448,1576490,4753847,739549,603882,179201,2485681,336274,608370,275112,1072619,2081509,858412,93555,265712,19.9,56167,282276,35.91910741,36.07217848,48.6377551,43.53388351,10.01999403,51.23336968,23.45217039,16.1774879,21.77657151,9.158061117,57.85770751,61.79050098,16.25390916,38.53149606,32.73375098,88.44113515,113.8550872,28.49203393,14.11071215,12.68164099,1,2
64,전라북도,임실군,1760470,63408,NA,469204,88917,28927,190697,195651,39063,58439,11528,113160,827,29542,11658,260922,74769,79932,23780,20046,36.4,9952,27314,27.63753641,35.03731343,NA,37.91171277,2.497215593,43.17857143,21.10897436,12.57006092,17.22954092,9.018378378,55.86597938,94.9537037,13.26666667,49.97196262,11.41312741,72.52904239,52.68058455,16.09792401,32.89837398,15.06507592,2,2
65,전라북도,장수군,1335126,65518,NA,150200,83134,25114,126627,241748,10381,38021,16419,103594,1108,25854,1613,317727,47530,43276,18822,18407,34.2,7557,22085,28.86065409,33.62295082,NA,23.5127907,3.835227273,30.66666667,18.16561315,21.09677419,4.069364162,7.005943536,33.2885906,119.3850932,15.19444444,38.98717949,7.986111111,64.18909593,48.21461897,22.43902439,17.13134328,26.91,2,2
66,전라북도,전주시,48815715,154702,6043,4429693,1479122,286685,5628497,12172009,1180777,1697134,844207,8532576,1953574,1134421,785306,2256784,2398114,2660504,357526,858041,15,98562,657432,32.73724188,34.06722689,24.78571429,35.12690611,33.11009174,47.89377289,34.9593461,20.05783393,19.25486618,10.81814375,44.5092091,55.91073786,19.30063409,35.52816596,29.12067941,87.29499218,54.15155189,33.91541036,19.76610751,15.67223205,5,1
67,전라북도,전주시 덕진구,24959976,107484,733,3978609,1336798,197060,2525635,6319767,951768,723505,374804,3341030,656888,624002,292658,757108,747882,1310413,197304,516528,NA,NA,NA,32.01274699,44.7652439,12.75,41.50008386,44.05316654,42.71533742,37.40790649,21.98392333,23.71251248,10.41610678,44.21513565,42.74698596,15.12317388,40.08659116,24.0980019,81.62960289,36.90831629,39.51964568,20.17787578,17.23208966,NA,NA
68,전라북도,전주시 완산구,23855739,47218,NA,451084,142324,89625,3102862,5852242,229009,973629,469403,5191546,1296686,510419,492648,1499676,1650232,1350091,160222,341513,NA,NA,NA,33.39405144,20.92509363,NA,15.8684744,12.61786237,55.56727273,33.00724122,18.43924829,12.31029118,11.11525985,44.75497216,66.42749703,22.50439367,31.40168679,33.16886503,90.49897918,69.70864084,29.56197778,19.32237624,14.12051933,NA,NA
69,전라북도,정읍시,9022854,261648,23089,3629244,241052,100584,543527,1489520,137133,198352,110936,760780,53997,98513,41121,590714,228469,340400,81587,92188,27.9,30258,108508,29.93923772,39.7752443,42.20512821,39.22515953,4.199858507,41.68607595,28.39719131,13.50923885,13.02241662,6.532944606,67.16216216,67.63387097,23.22504537,35.0600939,28.56842105,87.44240251,46.1851023,30.29003853,22.06472795,11.59259259,1,2
70,전라북도,진안군,1555529,55820,NA,182421,91453,44923,163789,243587,125931,37449,10929,118603,568,41721,4090,254229,59925,88942,16978,14171,35,8898,25394,33.90384801,37.26744186,NA,22.71816127,4.969278034,41.58333333,33.7557947,13.00857633,20.0626506,7.267726161,52.52083333,126.0181159,10.51515152,49.14935065,17.30769231,82.39312268,48.68660287,32.78516624,24.81196581,12.93034826,2,2
71,전라남도,,231459174,2862951,318508,103164129,13378115,1527755,17887484,29343365,8971100,4669694,1862739,14989084,2647007,2386475,2637494,11434267,4038756,5998147,1359840,1982264,23.5,435880,1851549,35.87447092,30.27633499,19.69413408,53.26264463,36.68465344,45.40103426,36.75862161,16.89899065,24.31759519,8.826139514,55.07608696,73.21527574,23.37468127,41.32703151,42.26699483,83.37780474,43.54248188,31.72608676,19.45470635,13.45233098,NA,NA
72,전라남도,강진군,2724766,137379,6558,361631,342360,20046,194073,629103,87867,70169,11497,216315,4591,49189,19085,336215,69976,120568,26095,22049,34.8,12035,34597,29.78344687,43.90864198,47.11111111,22.99113082,16.27955665,37.62666667,28.47521481,13.05156724,6.451612903,6.263972485,60.81308411,95.34114583,14.34285714,40.76619718,39.25308642,86.27791165,45.90518962,29.32907348,14.04,9.914670659,2,4
73,전라남도,고흥군,3449125,94939,12294,537389,154968,33011,372105,730005,52022,88437,35293,405954,12241,34656,14683,485079,94822,215439,30538,45250,41.1,26298,63922,26.99716534,33.5764411,33.22222222,17.83328031,6.639516129,36.23369565,29.91348089,11.28431097,19.47082228,4.987928537,63.30722892,84.39817232,23.00925926,30.05202312,21.91160221,75.58036236,43.41293532,30.51214834,17.58146067,12.47632312,2,2
74,전라남도,곡성군,2553068,83136,4031,1067124,90981,16907,213177,257440,81129,60258,16262,115802,4533,27548,8475,211733,161893,92107,25608,14924,36.3,10185,28039,37.45791687,41.06603774,36.52941176,56.76741254,10.9380805,58.42696629,22.27225624,14.54697987,12.39956332,8.841683367,62.97701149,98.49586777,11.09756098,26.25085911,20.83333333,58.01677149,91.40566038,30.23828383,18.61647059,12.61298077,2,2
75,전라남도,광양시,30454653,50296,10529,18574584,829832,191149,1858560,2050232,2823675,403240,128164,1045287,312236,136135,723529,504383,252777,299452,100074,160519,13.3,20188,151769,44.5371853,36.07142857,42.76923077,80.25303468,40.95166163,57.83296048,41.94646044,18.75163788,37.17210185,8.804900601,56.38421734,81.03729402,24.45542807,36.33306581,45.57389686,63.75152166,35.40393648,23.0826974,22.68281938,14.17657282,1,1
76,전라남도,구례군,1429092,33613,NA,152571,88608,15449,119839,329554,120624,55082,13596,75042,6419,9453,33661,190436,49815,92496,26068,16766,34.5,8882,25719,31.41974293,40.31666667,NA,26.4792176,40.5,54.925,35.34596577,13.71409305,10.11334552,6.662576687,46.66019417,91.90673575,12.43835616,40.24271845,35.96820809,94.44766709,52.4096,31.0532872,31.67953668,12.90857143,2,1
77,전라남도,나주시,19140299,441526,16358,3712524,5742204,98023,1342252,2078507,332578,283679,428792,1355701,222899,558275,137850,1329049,327800,376329,79164,276789,22.5,25986,115613,41.70993993,26.27783669,59.38297872,43.49199255,63.96328928,41.46563193,42.97709533,25.0733945,14.46267087,10.21017113,40.58503679,94.22714932,25.99147947,52.96718829,42.72142064,122.5306122,44.90674603,31.81089576,19.49731664,17.76834611,1,1
78,전라남도,담양군,4352240,55387,NA,1243197,122107,29480,712023,738341,339464,154383,53120,145279,57880,52847,29408,298106,110346,148768,28249,25146,31.2,14436,46280,32.75929118,32.21705426,NA,35.76198742,12.66579634,42.40540541,47.63297872,15.89982238,8.99136939,11.12164948,65.19186047,103.7327586,31.26086957,32.82305195,29.15526316,74.9088,59.53904282,32.20986505,26.48329049,13.97846154,4,1
79,전라남도,목포시,14412837,103736,2325,835698,324662,90904,1196931,3563584,1184609,633499,365540,2594007,356897,181203,154043,879312,624606,936667,93350,291264,16.9,37827,224044,29.3105613,96.08196721,47.30434783,25.232358,35.94017094,58.27969349,28.6087187,14.91467294,21.39310144,7.818321786,69.07643979,49.55322967,20.10703496,27.49541284,20.82229478,96.05271868,49.30733479,36.07505674,18.41963764,16.42885028,1,2
80,전라남도,무안군,6485144,139374,1891,627346,138318,55368,387066,1131241,196880,179660,34291,794618,298730,90895,52928,1518407,267519,226443,268701,75468,20.4,17528,86132,40.45607503,30.8995098,14.45,28.85344549,8.329254727,41.13422819,33.17872507,16.06788042,16.24455507,8.050790447,81.84042553,114.8781986,24.1182266,36.99235808,15.51668092,110.0432736,38.56872038,29.62616057,29.54331551,15.63794532,1,4
81,전라남도,보성군,2818754,126871,236,213087,124474,23029,652635,483628,168652,63807,46136,135919,98588,14596,22448,389511,72756,140137,17039,25205,38.5,15603,40482,28.90417439,35.16923077,10.25,22.37933818,14.57069409,39.13675214,27.17083333,13.07685312,14.87154862,6.151515152,90.74074074,88.42307692,42.77941176,31.32984293,29.31779661,80.17152778,47.59792844,24.19952681,14.75431034,9.09733124,4,4
82,전라남도,순천시,20775687,85918,8917,3851862,701802,165172,2034797,4567266,625453,718248,312306,3513263,375789,365772,462626,824701,622429,1001381,215218,322767,15.8,44445,282189,30.56344606,41.92696629,33.3877551,36.31119655,24.71287129,39.21052632,31.87721298,17.81134794,25.183681,9.628752531,57.68373245,52.99955496,21.44680146,42.02320859,58.30658274,72.18160096,36.43485056,34.2630597,16.96750609,13.55488987,1,1
83,전라남도,신안군,2082183,58752,66663,235809,341658,13868,217526,441322,69886,45007,13339,128063,1151,21560,9642,258061,60010,73987,10722,15157,36.7,14291,38938,24.8190618,28.88311688,3.489156627,23.44597458,38.96242775,44.01,19.2276301,15.56594886,15.99765808,5.478522984,50.1038961,95.84680851,13.75,36.76097561,23.88181818,52.19736842,44.50896861,30.22993311,22.20320856,12.44306931,2,2
84,전라남도,여수시,78231170,33056,17410,58960047,1479238,359517,3332243,4788550,1599923,1053835,132270,2131401,632053,325772,595244,932715,505880,824577,150053,377386,19.5,54587,280242,42.77355652,5.775800712,58.14,86.3092767,72.67843137,39.89731183,46.28006341,18.20049666,32.33886943,10.9686641,56.40679825,62.61509552,27.05568096,42.69565217,44.51309365,81.23904762,39.71016573,30.53264661,14.61934254,13.03291186,1,1
85,전라남도,영광군,5394077,381808,18578,640399,1871769,13703,523261,665509,47436,107028,27982,204141,25101,133342,124854,292466,90352,175985,20028,30335,29.2,15488,53099,37.33535757,56.33836207,10.68095238,17.32536665,92.04067797,35.1954023,37.51298701,12.91663921,10.65494792,5.871335505,53.40540541,107.6604215,27.67708333,79.13957935,63.7735426,88.27742947,43.19431988,33.65163607,17.60498221,9.85214447,4,3
86,전라남도,영암군,10523614,249083,12089,6545190,215331,49989,604810,1149431,206213,129804,30520,329187,44039,52423,90264,406758,202024,123358,51697,31404,26.8,14400,53699,41.41102412,43.35908142,60.13333333,51.77673916,8.844768439,45.93636364,33.42359895,20.96389892,24.02810963,13.34601903,50.7571885,113.1055156,19.71040724,33.23240589,37.4260355,77.10869565,68.80654762,25.86725293,17.89016393,10.18256131,4,1
87,전라남도,완도군,3586912,69074,18504,295089,91431,86115,267578,1451155,82121,88803,17210,420498,7884,25416,12035,422373,82959,105382,15679,27606,32.5,16244,49916,28.53232334,24.39534884,44.2815534,14.03518124,10.07176287,101.2083333,31.18862122,12.91424332,18.73903002,4.354700855,47.98843931,79.52061069,20.74285714,46.79310345,16.57627119,77.53288452,40.82771536,31.77021277,13.60915493,7.4375,2,2
88,전라남도,장성군,6536893,88971,16800,2024496,93723,49965,1841433,863413,547920,80556,52207,147984,62736,54320,68638,284159,69690,102152,42174,45556,30.1,13400,44464,36.60812449,28.82215743,70.72222222,39.21534884,3.403846154,35.15979381,52.32000987,21.24626335,23.69883641,7.332633053,76.53691275,138.0638978,24.07777778,36.44301471,39.85067873,64.22980959,46.14509804,24.42055611,27.02040816,15.25396825,4,4
89,전라남도,장흥군,2354411,86794,NA,479315,30765,73095,202813,471568,30011,63250,12125,232439,4521,27733,5670,390362,58246,117749,27359,36794,34.2,12928,37800,24.82419649,22.51459854,NA,23.33018373,6.585227273,33.86864407,10.78002466,12.94502028,7.769230769,5.239675516,60.03296703,76.28070175,20.24210526,33.4517134,24.23333333,75.27252986,40.75601751,28.72928994,23.74137931,11.58428246,2,2
90,전라남도,진도군,1726369,53014,9799,152079,168734,33382,196059,464511,18746,72706,8882,129243,2888,12925,7803,241447,48356,65033,17178,23584,33.1,10325,31227,29.49160332,25.93442623,42.21428571,20.14705882,19.54738878,26.73504274,33.2166405,17.85678138,11.03492063,8.984459984,45.83333333,60.17,7.340909091,33.1496063,22.71794872,76.23846755,44.08906883,26.25413061,23.08366534,8.922010399,2,4
91,전라남도,함평군,2666682,141179,13821,621206,96051,25204,332114,540545,205239,55723,21800,121217,6813,19931,10826,274252,55197,85239,25266,15059,36.6,11720,32050,30.41992038,31.58773784,81.82352941,32.49762808,9.539641944,28.90070922,30.30608241,16.19186047,11.59450727,7.618764846,62.23584906,105.8666667,17.16666667,30.2826087,24.03875969,71.44132231,46.29513889,25.00443599,18.30794702,9.672794118,2,2
92,전라남도,해남군,5187463,268363,36596,1183661,194019,34237,441176,1108309,73393,117018,74027,563527,26278,37504,23792,572305,110359,219436,36949,66514,32.4,22293,68806,28.13341425,28.44974093,47.65454545,23.88022648,5.71011236,35.98305085,30.14441047,13.18963486,14.54711674,5.158967957,83.23369565,84.32488479,17.55102041,40.10485934,21.29710145,67.25915822,41.40747782,31.44096524,19.25454545,11.72175891,4,2
93,전라남도,화순군,4573735,80682,32598,849825,135080,50142,845013,840151,77259,145502,27380,184197,82740,154980,29990,392437,100944,455462,52631,36722,26.9,16791,62522,34.5834667,27.56834532,57.07575758,34.64098124,8.542113323,45.0617284,32.54365472,16.68702734,9.752192982,11.32860939,51.54375,123.8926554,24.10250569,38.05112782,31.96420582,94.79608373,45.5772242,44.78609415,21.0224359,10.97818599,4,1
94,경상북도,,303571010,1763137,327620,155695856,11159285,2798118,15697452,40946166,9038720,6794274,2053814,17381651,3089161,5370420,2864811,11902146,6126837,6786593,1493521,2281428,21.7,573715,2639422,36.24560603,38.46125352,47.09936407,52.72833517,49.47833567,50.83061066,30.81239427,16.91010438,20.05205268,8.641292985,55.7204757,76.34334019,23.73419756,50.60433651,36.60167733,71.70050973,42.74993005,28.78386132,21.7160038,12.05246979,NA,NA
95,경상북도,경산시,23978017,69721,27119,10384744,708849,202047,1494311,4302923,780306,574537,167189,1170987,744098,474673,215924,747258,1011112,564459,135758,202002,16.9,44579,263728,33.77333423,45.21875,58.89516129,43.78012048,37.35532995,56.76470588,37.0622276,18.23257297,22.71152,8.529709365,41.30413859,95.68859935,27.60237389,37.97670509,29.32775769,75.2015896,38.24548915,28.40764461,19.60980149,13.33601954,1,1
96,경상북도,경주시,32596668,165835,15793,16688415,2138689,435500,1500447,4059607,1035300,944883,106161,1186705,218269,1068564,574717,759360,741747,545120,222496,189060,22.6,57313,253502,38.38221128,42.31578947,56.45901639,51.03809156,92.21992819,64.5247732,38.08286433,17.61836989,21.51287752,11.76433121,44.41365979,74.15593047,21.17610454,65.67012762,43.33153261,70.5528974,54.06703609,23.27001845,22.03525641,11.33730074,1,3
97,경상북도,고령군,4658915,50702,14503,2648376,116618,102991,225331,764391,146643,43644,6662,104265,15499,14687,9676,223347,42299,73031,29875,26375,31.7,9941,31361,33.762507,44.63636364,45.82432432,38.19797156,27.9,46.51538462,24.2223382,20.18611714,8.715832206,5.740667976,43.09278351,108.8163265,17.9760479,32.11330049,22.86206897,78.24853801,46.05190311,28.57197258,26.01320132,17.7553719,2,1
98,경상북도,구미시,82146504,71180,12813,62194376,1021643,326165,1902675,5531370,1084836,1118818,372132,3646340,682692,384911,527120,913076,887134,941938,172186,355099,9.6,39998,416328,44.48707104,31.56948229,38.42592593,68.04998963,37.34837688,55.01805054,32.9688825,18.63433502,16.56045432,10.97273076,59.48095594,57.27811045,26.6847478,35.49962584,29.19938127,73.42877595,38.81595547,31.69682029,16.9456979,11.93043478,1,1
99,경상북도,군위군,2362526,23494,NA,622798,100472,15452,252176,569656,126203,88521,6819,144730,6585,25191,2970,217847,37118,49256,36352,13731,40.7,9461,23256,29.44257299,26.07971014,NA,38.81307064,15.34415584,32.62886598,22.79756098,19.49642218,13.57932692,13.58292683,58.68292683,98.72864322,7.054545455,37.70607029,14.75925926,64.70041152,55.87467363,12.56010101,36.46825397,13.50247525,2,2
100,경상북도,김천시,14219407,91746,29397,6346891,362280,193279,542062,1884764,1249515,272980,27141,850139,101550,570442,100565,813005,291590,364335,37718,90008,23.1,32520,140548,35.53342014,32.84257206,36.625,51.07436664,16.69640479,43.75708502,25.39512296,16.57403591,18.3187386,7.259415064,29.83,77.03968872,36.13195099,62.65031315,34.06233933,62.69208354,42.18985791,29.28107621,11.45800317,10.10361552,1,1
101,경상북도,문경시,4355350,53889,17160,1189957,137357,66989,288969,910455,89933,159907,63751,431956,48515,39745,23728,379429,119394,229868,46314,58034,30.2,21600,71406,28.00072474,47.05752212,44.66666667,32.4453524,16.53333333,53.03264095,28.23503236,13.76986301,17.68942731,7.437318724,72.11111111,86.45637584,16.04761905,34.33176471,22.47785548,79.62932662,42.72164352,21.85528107,25.31722689,10.68009868,4,4
102,경상북도,봉화군,2648853,27311,16353,1342630,111949,24553,206550,249445,34946,37560,19351,110744,8183,10589,5464,262328,53040,65873,40107,21877,36.7,11567,31494,35.08043011,36.82258065,41.18292683,42.8854719,17.68144044,28.19428571,35.82494647,12.40772871,38.95821727,3.450790861,66.65217391,112.5707547,13.93617021,43.34285714,28.67105263,64.77172196,50.61875946,33.71007928,35.28227571,12.09940358,2,2
103,경상북도,상주시,5845901,106146,10483,1246211,190373,32588,518960,1235200,273778,183373,78106,676087,35906,113399,57388,514837,194102,249997,66256,62711,31.3,30472,97228,26.63495757,41.00266667,30.73469388,25.63951358,5.530900968,35.71914894,24.12117086,15.28443687,8.131196795,7.041372675,65.47985348,80.00659341,20.48969072,45.09769484,25.24833703,68.1139341,42.75559503,24.84354708,30.8813314,10.33450088,1,2
104,경상북도,성주군,6025875,102584,20989,3291075,104346,76932,312057,936480,222812,88361,23760,231461,48993,30516,24755,283614,63833,111645,16420,35242,32.2,13971,43414,32.61813602,41.1031746,56.234375,38.16240277,10.08666667,37.0132626,31.01558551,18.17760459,11.02615933,6.115735462,57.578125,96.28888889,19.1468254,41.13225806,33.61734694,68.34400596,58.66998578,28.07751479,21.92694064,13.04770017,4,2
105,경상북도,안동시,12529222,177933,33114,1295183,1064887,95624,940999,3080562,317294,334526,291541,1520084,262239,279444,100437,1405112,423682,645376,95838,165347,24.7,39193,158907,34.67545539,37.13064133,46.5,29.57675865,85.93612565,41.04116223,24.06177156,17.88277902,22.14038936,7.422191315,65.41581109,80.09945839,26.31190476,41.89896907,27.30790441,81.26971188,43.63391934,37.08628052,22.75420875,12.52517763,1,1
106,경상북도,영덕군,2047350,54544,22820,175369,127982,29630,212735,433708,18729,112885,24730,164021,7882,24644,11507,304504,156931,92927,47069,24733,37.9,13750,36313,28.69370419,66.53508772,36.68627451,18.3950256,21.48669202,55.27272727,21.79877474,9.466452206,15.71130952,5.451347647,55.515625,139.2653631,14.18181818,37.04150943,22.11111111,80.61520376,52.29977376,30.84665367,28.47938144,9.589958159,2,2
107,경상북도,영양군,825378,25576,NA,67401,150303,2985,80629,101301,6245,14933,10016,63402,17,21026,1753,203358,27671,36627,6350,5630,37.6,6278,16692,32.00204531,51.97826087,NA,25.68731563,19.83216783,30.64516129,17.08313539,10.625966,17.61481481,2.981776765,60.0625,133.3706897,0.6,35.23569024,11.45454545,67.08426483,47.43467337,25.20545977,32.28947368,6.797101449,6,5
108,경상북도,영주시,9823666,39853,27283,4069701,378897,43802,892493,1508657,326802,199614,89805,841932,69682,71990,42519,576619,241872,278544,48638,74963,27.3,28146,103119,31.29158329,32.36458333,51.61157025,50.1918754,19.15942029,50.5254902,24.39465293,12.72698819,37.97813121,5.859020045,58.39875389,74.0591133,19.71993127,36.99344692,27.05079826,79.99279465,42.65299092,32.8497784,19.61420613,9.940867907,1,2
109,경상북도,영천시,12227387,183622,NA,6451262,177716,197160,705368,1747408,382346,590502,67007,457352,145424,111501,69046,400150,162359,241997,50439,82937,28.3,28871,102015,32.00594524,39.1039501,NA,45.37917811,13.48947368,52.33676471,20.79659212,17.66530264,10.0810098,7.293726511,70.44651163,77.52637615,14.52727273,38.23011665,25.38184932,67.04541407,41.64444444,25.75506329,18.76397516,12.21664829,1,2
110,경상북도,예천군,2253932,101718,1931,207873,200375,27041,247503,504783,20146,76053,50401,150714,18228,28613,16455,292835,96421,142658,35759,34425,30.3,16844,55613,28.93266074,41.99487179,52.75,23.68745067,19.04081633,19.14218009,28.55761879,13.8415391,12.5155642,5.404281346,86.33031674,89.875,15.38961039,36.24028269,28.25136612,60.83664209,46.39208075,29.76712871,32.14749263,10.18377088,2,4
111,경상북도,울릉군,622806,2891,NA,41396,46161,13463,58750,62045,14738,29367,11887,36269,5099,1149,10892,237001,14057,22971,5870,8800,26.3,2386,9077,44.76216462,64.4,NA,15.85833333,81.19565217,50.39726027,32.75144509,8.242258652,27.11538462,5.486842105,66.58181818,112.3333333,11.72727273,28.19047619,25.63690476,183.431631,48.87978142,48.42613636,27.44303797,9.550151976,6,6
112,경상북도,울진군,4957160,24521,9072,122264,2330959,23142,333372,634565,37062,210494,24830,219140,19351,290590,31388,353849,85520,133276,37220,36545,28,13643,48716,43.48150275,34.95391705,60.53658537,23.92078285,105.3619759,52.33333333,34.15938957,11.94950645,18.2688172,10.30755587,65.24242424,93.8537859,47,107.2548114,27.2,53.13092046,43.44083333,36.10174102,40.16790123,10.56852792,4,3
113,경상북도,의성군,2920411,107168,2160,564283,160774,28243,264252,603819,83742,54052,40995,265072,7887,29900,13220,395409,64459,138203,61365,35408,41.5,21478,51724,28.68146728,40.98113208,31.5,30.79019908,15.12820513,38.99494949,24.55683168,10.99007299,8.993307839,4.712827988,64.88,116.6848485,10.96610169,32.74074074,25.8627451,77.45349544,46.40159272,25.71645274,26.93410853,9.559340659,2,4
114,경상북도,청도군,2442953,136144,NA,631269,91991,41029,148449,445020,59183,90323,23865,127813,24370,24704,57070,296447,68305,101557,48130,22410,37.9,16027,42263,27.06621966,34.54793233,NA,26.57200484,18.72727273,25.92261905,36.94661355,13.65671047,9.662452592,6.609550562,65.75438596,37.96096096,6.811059908,37.32534247,47.38235294,54.64278351,52.15455746,27.33861893,25.88571429,9.759281437,2,4
115,경상북도,청송군,1659223,34973,9162,89086,162630,25112,129599,335359,115050,57613,27585,94752,2267,8001,9503,395896,43221,82255,14239,22920,37.5,9382,25044,27.9551163,43.88,34.625,16.05339806,40.63703704,25.27631579,17.85346442,15.79807692,10.82493369,6.969671441,73.94444444,99.41208791,10.30612245,32.33333333,84.5443038,70.12871287,53.35098039,11.44667078,22.14835165,11.46330275,2,4
116,경상북도,칠곡군,14177663,52649,16528,6991139,420921,175061,665493,3164141,640560,289288,40812,374728,142583,81920,87836,365084,241944,224474,56711,145791,16,18335,114758,31.72292067,29.63559322,57.65217391,37.55391136,41.52815013,47.41620626,37.67208534,19.97999558,20.8600907,8.516419833,45.39464883,115.5221843,21.85313175,39.91836735,22.32612179,74.71381032,40.7992078,25.05132948,14.57331863,13.96483622,1,1
117,경상북도,포항시,58245843,58937,8965,29034157,853113,619330,3774272,7880507,1972551,1222040,479268,4512958,473842,1664221,870878,1561781,1059026,1450206,182411,567380,17.5,87960,502916,38.44832914,37.63728814,28.84615385,67.46884196,55.13722127,56.06769826,36.42092383,17.42724208,23.924317,8.272950278,55.28713281,68.20227111,20.40451856,54.06202465,48.99414276,67.987978,41.69363233,32.75193203,18.87170185,13.37537444,5,1
118,경상북도,포항시 북구,15870127,44158,6220,2348437,345945,83698,1882095,3689363,357668,627068,128996,2909206,239386,240586,350574,923681,585075,753016,113603,241352,NA,NA,NA,29.43364823,45.23589744,31.93939394,38.03607561,41.58032787,34.56994819,33.41947416,15.05225107,16.78916321,8.200018126,44.7037037,67.59952677,19.7394636,37.81427982,53.1469995,75.30065033,39.24233059,29.01836784,23.05738706,10.79318989,NA,NA
119,경상북도,포항시 남구,42375716,14779,2745,26685720,507168,535632,1892177,4191144,1614883,594972,350272,1603752,234456,1423635,520304,638100,473951,697190,68808,326028,NA,NA,NA,45.17869766,22.82,23.47368421,73.85381772,70.01079137,61.00118906,38.75194099,20.15177562,27.38307562,8.352125148,60.89367089,69.1059867,21.54565376,61.62848357,46.29719993,60.33656111,44.83037938,37.52285361,13.95337159,15.90110339,NA,NA
120,경상남도,,325074193,1379818,179315,145321933,8857166,2399195,16220200,54181229,10196921,8348941,2701546,24575422,10447721,4617865,3544737,11558409,6459444,9584084,1532967,2967280,17.4,580258,3340216,35.59041792,36.24102113,50.95021337,51.09089239,45.90213862,47.85993733,30.43929279,18.94276118,22.26102525,8.457127869,54.87284887,73.96574592,30.03128094,37.8622006,32.35057241,72.52287765,40.25408834,32.35546952,19.05266411,12.54741724,NA,NA
121,경상남도,거제시,25020981,5924,12958,15924042,159646,159075,930249,2057186,216107,718306,197619,1694254,160785,639577,520767,476164,408557,517196,77979,144590,10.9,26869,245754,43.4030899,12.79787234,79.44444444,66.11301076,47.48818898,58.19590269,39.11819051,15.47267851,26.70887918,8.721784552,72.37864078,76.52240964,21.32510288,41.83994258,37.86524823,72.04522995,35.5781049,34.40696571,19.91660171,12.32703777,1,1
122,경상남도,거창군,4143665,107754,31752,1105509,111369,27680,607638,661659,59525,110388,12825,420738,70938,40337,25648,376152,138929,168445,32586,33793,27.7,17026,61502,28.70544246,30.6643026,46.40764331,36.848271,9.595789474,50.01123596,19.25289673,15.08110814,14.98158803,5.891376451,42.31055901,84.94021739,17.34934498,33.92438563,16.6427256,69.59391457,49.09715243,29.83371041,21.14691943,8.895325203,4,2
123,경상남도,고성군,4945231,69559,2490,1745532,928732,26145,329105,589277,144950,120528,16290,204371,30154,28403,56206,356798,99843,130638,33503,32707,31.3,16095,51361,34.59952523,52.99557522,41.375,41.34433068,73.35153129,33.74766355,35.24228743,15.22080433,17.12563452,6.621911422,52.78676471,72.12734864,31.11297071,31.35,31.32882883,69.07859734,49.91597275,30.31619414,22.88461538,6.816449348,4,4
124,경상남도,김해시,53805043,112601,57600,24506080,841450,610305,2620423,12824132,1879436,1356037,330183,2924886,749799,533031,414955,1102782,967943,1281760,230625,461015,11.4,61857,542338,32.60854418,30.37272727,61.25153374,40.76236253,67.71280992,43.04516939,34.5146907,22.83128002,20.17160671,9.769984013,48.46727899,70.50341417,22.06013927,32.04166667,30.13639891,70.04454717,37.02475127,29.40590254,18.41988244,13.60117994,5,1
125,경상남도,남해군,1769662,36251,NA,127039,59482,20047,126456,410924,26693,171681,13978,203056,23525,23099,6810,290715,86257,99058,20656,23935,37.8,16258,42958,24.21619346,23.30081301,NA,16.6525497,7.214723926,50.25362319,23.90903184,11.19023016,16.80735931,8.043454193,43.12587413,72.68318966,13.98870056,34.1942446,15.42253521,79.91808874,47.18152085,22.19676432,19.63722397,9.895945946,2,2
126,경상남도,밀양시,8072773,133129,3421,2869419,194689,85416,445188,1528704,506360,192653,71203,722756,43324,131513,63562,515982,183660,254904,59256,67634,28.5,29887,104831,31.2494172,46.55672823,51.31578947,41.81401168,28.11320755,36.44584383,24.51451954,16.68830722,14.75441749,5.078641228,80.33471074,82.97265625,15.26627219,44.4630137,28.18095238,84.34462773,48.08542931,28.65057372,24.05470085,10.3566058,1,4
127,경상남도,사천시,11660027,47317,NA,6352004,268784,116922,528827,1651704,162114,381480,82732,619760,225499,75849,65260,390445,206589,311335,68560,101529,22.1,24604,111105,38.87164953,36.70428016,NA,64.73199956,28.32705882,38.45275591,28.72526767,15.14118288,16.16280193,8.99428163,57.76167076,73.93608247,18.33484163,37.49271845,30.43686869,69.78715056,42.88314448,31.57344464,13.69145394,11.23207721,1,1
128,경상남도,산청군,2134498,98210,13882,451512,125857,14291,199217,327837,137286,64691,36988,132275,7387,19703,8512,285748,73904,98161,18517,20520,36.8,12833,34857,26.87375395,41.66666667,33.48148148,29.09907407,27.08845209,44.8115942,22.35987133,13.54781199,7.126005362,4.841578655,74.61061947,98.36101083,13.90265487,31.36036036,26.425,60.9479378,49.3501006,28.14874739,16.71601208,6.649122807,2,4
129,경상남도,양산시,34012435,40899,7016,16759775,432567,279826,1275950,5922578,2287138,829807,124770,1890728,578176,286525,394067,621125,570142,1178548,180519,352279,13.8,48495,352229,34.35381924,41.31292517,61.07692308,47.01895181,52.14285714,42.66234818,31.21781157,20.88741471,27.10485821,9.104531677,50.79846154,68.9431771,23.22293739,34.56639742,23.28822816,67.52692501,37.32208202,36.88891006,16.97080576,13.70644997,1,1
130,경상남도,의령군,1972788,53501,8182,809857,79027,33314,129027,199492,49158,39392,8489,90961,17768,9414,4952,257919,63373,76031,28188,14743,37,9921,26800,31.94703916,44.22110553,54.85365854,39.47039318,20.75,49.76335878,21.27289157,12.80883978,4.36523126,4.68344519,51.93103448,89.9955157,20.07894737,32.16438356,28.32631579,63.23682361,54.25329815,29.6686884,19.965625,9.16255144,2,4
131,경상남도,진주시,27425305,134103,1477,3219983,1053546,161871,1990977,5096185,769390,875045,504906,2859881,5906940,668243,328222,1257240,892879,1245407,108208,350802,17,59032,348096,31.30781165,30.93700787,40.25,34.6085556,65.71491228,41.43876338,32.8893617,17.60163432,16.5783848,8.944656887,54.0161039,81.63462024,43.6188135,36.35001559,48.74392456,65.34850455,39.39700044,32.69095156,13.02669209,11.89065363,1,1
132,경상남도,창녕군,5717197,161966,1825,3017164,82507,39940,190876,829847,222007,120181,9432,164203,8232,38954,58012,320885,120611,230908,49670,49977,31.2,19105,61301,30.82784344,42.48798077,86.55555556,45.74331431,10.5732899,37.03196347,8.653944485,16.82393162,16.38860104,5.895432239,51.52777778,101.5580737,6.747035573,42.89033943,35.54545455,75.70654628,54.00992908,32.79030755,32.86052632,12.18336484,4,2
133,경상남도,창원시,116471430,37482,17742,59015105,1680658,503572,4919304,17010294,3308674,2618059,1125226,10533405,2440712,1863837,1343015,3302937,2089242,3144342,436922,1080902,14.6,150905,1036738,39.73338085,31.29268293,40.47368421,61.0348375,60.89087488,63.57779932,33.52045915,20.13745413,25.92369993,9.145343084,54.02251629,69.10364572,33.33837762,39.92146433,32.37689016,75.10064264,39.6345683,35.16588416,19.90133102,14.4214876,5,1
134,경상남도,창원시 마산합포구,9841912,2021,12303,1806671,15618,212025,896829,2754276,317412,466524,34336,1244630,187128,111298,148481,444960,363155,597965,70440,155840,NA,NA,NA,29.16907521,28.14285714,55.12903226,39.15805968,15.52631579,106.9182609,28.77283606,16.16534628,21.46496959,7.37279597,41.81381381,61.10090634,53.4928884,28.14921875,31.29827198,76.47938561,39.99746341,35.26704071,18.33680227,9.467528563,NA,NA
135,경상남도,창원시 마산회원구,13340996,NA,NA,3271838,157179,67787,702195,3547537,441069,366338,354639,2363455,124768,103896,108268,297164,375998,771501,96508,190616,NA,NA,NA,33.09069382,NA,NA,40.07307553,61.25510204,48.486618,25.57211009,21.60292104,18.8477097,7.612897932,62.55859031,81.23025255,19.75860024,26.30434783,22.5804878,81.6067908,41.40773254,41.51060901,19.49328559,13.61578192,NA,NA
136,경상남도,창원시 성산구,59303601,5289,NA,44473825,448738,128248,953870,3246552,532367,757076,388390,4919770,520795,846728,485745,248334,464641,580659,97747,204827,NA,NA,NA,53.40202261,21.66666667,NA,74.59536228,76.28181818,50.58974359,34.20803653,22.60036265,30.38029146,13.06278837,59.05621487,49.88199467,29.89377086,42.8372961,39.6098175,67.40670462,36.47518797,36.64355556,27.26494253,14.2188952,NA,NA
137,경상남도,창원시 의창구,26194510,29888,3370,7410401,954341,61857,2020071,5681047,1195566,614404,263384,1305173,1458795,755202,467969,2017227,611783,861662,88909,393461,NA,NA,NA,37.65833567,31.94642857,26.44444444,43.77743988,60.84067797,41.29780564,38.94412871,22.11200413,22.44762539,9.090881273,45.45259939,93.28920018,37.499,44.26901636,30.41505172,89.24133782,43.68802395,34.77931695,18.36546944,19.94645355,NA,NA
138,경상남도,창원시 진해구,7790411,44,2069,2052370,104782,33655,346339,1780882,822260,413717,84477,700377,149226,46713,132552,295252,273665,332555,83318,136158,NA,NA,NA,27.38812922,16,21.17647059,41.71597481,52.66326531,45.2218845,34.11229947,16.12005705,38.03244631,7.152185944,54.94150418,85.44910808,22.15843949,20.09329446,27.00509944,37.80092736,35.12295752,25.55761445,14.04323175,11.48353351,NA,NA
139,경상남도,통영시,7641243,20483,NA,545542,1149175,54450,310148,2296371,127030,373753,47485,1176144,75438,94145,69477,596241,209772,335135,64775,95676,19.6,25137,128293,26.07098834,41.76119403,NA,26.39889926,78.01550388,37.50127877,23.49468839,13.81820443,19.52913753,6.25252813,45.43440233,57.6173999,20.82107356,36.81319797,21.11826923,72.04693878,39.03482143,30.14466653,20.88503254,10.36736514,3,2
140,경상남도,하동군,3496728,59290,227,221464,1203803,27606,231389,419816,47280,78784,52507,363906,20130,23262,68610,435051,75206,121749,13670,32978,34.6,15490,44785,34.16941844,44.68085106,22.14285714,22.73106547,66.33417508,42.9602649,31.61783107,9.663993246,16.09285714,4.45995086,86.11538462,121.4816248,102.6381579,28.975,45.96195652,77.9309411,49.92518939,24.7031045,20.19262295,10.52689487,4,4
141,경상남도,함안군,12366631,93311,NA,7991358,280753,160332,848427,1665011,162642,143612,10518,153244,38675,55637,87928,304976,112023,160785,42303,53859,25.1,16086,64182,38.42633832,42.64202335,NA,45.22084204,33.20382166,41.28070175,42.91772152,21.29326187,20.6202946,8.493734336,48.40944882,150.3961039,15.49379653,36.03113553,41.65889213,83.29221347,49.6127285,20.7399642,17.55191257,11.26785714,4,1
142,경상남도,함양군,2044047,61012,5603,419178,75549,11843,232853,322879,70104,83717,31545,166554,11979,37680,10838,277113,78632,95108,29776,22084,33.8,13227,39080,31.52238308,31.23125,52.08823529,29.82372558,11.58483755,41.89189189,33.65384615,12.41270661,18.03831418,5.85739645,76.66666667,82.9005102,20.02255639,43.99236641,28.74193548,83.19342508,48.1706387,29.16445783,33.53289474,6.541322314,2,4
143,경상남도,합천군,2374509,107026,10583,241370,129572,66560,304146,367333,21027,70827,24850,254300,38260,48656,17896,390136,81882,134574,37254,28257,39.6,17431,44006,27.38703295,33.30406852,49.97727273,25.29709141,7.996677741,76.78612717,15.02935651,12.66436385,7.516819572,4.688253968,63.3649635,82.93853428,25.73053892,36.97269625,24.10847458,80.502998,55.06772908,32.03220524,28.74570447,6.345227475,2,2